{"cameraMode":{"drawMode":0,"name":"Shaded","section":"Shading Mode"},"sceneLighting":false,"audioPlay":false,"sceneViewState":{"showFog":true,"showMaterialUpdate":false,"showSkybox":false,"showFlares":true,"showImageEffects":true,"showParticleSystems":true},"in2DMode":false,"pivot":{"x":0.39899998903274538,"y":-3.6489999294281008,"z":-2.908722400665283},"rotation":{"x":-0.6355551481246948,"y":0.3480771481990814,"z":-0.38878628611564639,"w":-0.569000244140625},"size":0.1299038529396057,"orthographic":false}